filename,sha256,ripemd160
audit_log_MVP1-SR025_20250614T063132.106059Z.json___20250718T210947.099686Z,ERROR,ERROR
audit_log_MVP1-SR005_20250526T034312.228852Z.json___20250718T210949.107401Z,ERROR,ERROR
audit_log_MVP1-SR002_20250704T050511.217387Z.json___20250718T210939.058513Z,ERROR,ERROR
audit_log_MVP1-SR084_20250704T044646.267182Z.json___20250718T210945.080795Z,ERROR,ERROR
audit_log_MVP1-SR030_20250615T233259.294016Z.json___20250718T211001.171852Z,ERROR,ERROR
audit_log_MVP1-SR041_20250623T051610.180783Z.json___20250718T210931.035213Z,ERROR,ERROR
audit_log_MVP1-SR057_20250701T022809.888350Z.json___20250718T210929.028557Z,ERROR,ERROR
audit_log_MVP1-SR076_20250701T224228.412884Z.json___20250718T210927.078737Z,ERROR,ERROR
session_log_OPTMZ-SESS009_20250709T053543.889521Z.json___20250718T211013.174519Z,ERROR,ERROR
audit_log_DRTELLES-LOG001_20250713T224621.564735Z.json___20250718T210957.135518Z,ERROR,ERROR
audit_log_MVP1-SR002_20250526T005856.448984Z.json___20250718T210959.156847Z,ERROR,ERROR
audit_log_MVP1-SR038_20250623T050153.592411Z.json___20250718T211011.296071Z,ERROR,ERROR
audit_log_MVP1-SR029_20250615T054956.588879Z.json___20250718T211017.207237Z,ERROR,ERROR
audit_log_MVP1-SR036_20250623T041519.661578Z.json___20250718T211015.195366Z,ERROR,ERROR
audit_log_MVP1-SR032_20250616T024309.303174Z.json___20250718T210951.118546Z,ERROR,ERROR
audit_log_MVP1-SR001_20250704T045719.461011Z.json___20250718T210933.038335Z,ERROR,ERROR
audit_log_MVP1-SR034_20250617T073007.955006Z.json___20250718T210943.071826Z,ERROR,ERROR
audit_log_MVP1-SR058_20250701T024226.076182Z.json___20250718T210935.045854Z,ERROR,ERROR
audit_log_MVP1-SR047_20250624T061128.502561Z.json___20250718T211005.277064Z,ERROR,ERROR
audit_log_MVP1-SR033_20250617T070522.437324Z.json___20250718T211007.187922Z,ERROR,ERROR
audit_log_MVP1-SR083_20250704T043256.725227Z.json___20250718T210937.058061Z,ERROR,ERROR
session_log_OPTMZ-SESS005_20250709T025037.058926Z.json___20250718T211003.171601Z,ERROR,ERROR
audit_log_MVP1-SR004_20250526T032031.221195Z.json___20250718T210941.070567Z,ERROR,ERROR
audit_log_MVP1-SR035_20250619T034308.416112Z.json___20250718T210955.130964Z,ERROR,ERROR
audit_log_MVP1-SR031_20250616T023206.516729Z.json___20250718T210953.128323Z,ERROR,ERROR
